Fx1,Fy1,Fz1,Mx1,My1,Mz1,Fx2,Fy2,Fz2,Mx2,My2,Mz2,Copx1,Copy1,Copxy1,Copx2,Copy2,Copxy2
0.1835429,0.05717146,0.4037476,0.09359741,0.05754089,0.020033,0.008396417,0.2284296,0.2820129,0.06014633,0.03217697,0.01902713,142.517000436783,-231.821611523628,272.125623532423,114.097498357296,-213.275074958801,241.877028115684,0
0.2182885,0.6950221,0.8916626,0.1394501,0.02809906,0.008216023,0.1728367,0.2312195,1.245911,0.001300812,0.1096497,0.01403418,-31.5131098031998,156.393319368362,159.536661719252,-88.0076438188553,-1.0440651094541,88.0138366536721,0
0.2321685,0.2719418,1.224854,0.04927826,0.01753998,0.06554604,0.01212311,0.05109382,0.02755737,0.1067543,0.07504272,0.07311288,14.3200615420938,40.2319617569447,42.7045068977691,-2723.14500808716,-3873.89254570007,4735.24679300885,0
0.02166678,0.2695646,0.24823,0.01374817,0.04189301,0.03096372,0.1904348,0.299185,0.3553772,0.01742935,0.03778458,0.02948411,-168.766900897026,-55.3848035633564,177.622474096434,106.322452425957,-49.0446537733078,117.089034301311,0
0.2257185,0.4862126,0.2461548,0.001159668,0.05951691,0.03622591,0.007496476,0.1194451,0.9163513,0.08900833,0.05282593,0.02686337,241.786509752274,4.71113296225667,241.832402857794,-57.6481148600578,-97.1334129571915,112.952224677652,0
0.176623,0.1540596,0.07458496,0.01752472,0.01274872,0.008677006,0.009723246,0.1214061,0.6220703,0.08880234,0.07699203,0.05118287,170.928806066513,-234.963178634644,290.558689523165,123.767413198948,142.752900719643,188.935870691172,0
0.2332186,0.07001376,0.08215332,0.0324173,0.01593781,0.02016425,0.1818463,0.05725384,0.6011047,0.01473999,0.006038666,0.03862157,-194.000735878944,-394.595086574554,439.706229055664,10.0459456443787,-24.5214998722076,26.4995279179175,0
0.03093886,0.1435499,0.401123,0.04384613,0.0446167,0.04810655,0.5056639,0.3101869,0.01431274,0.04457474,0.05681992,0.0372237,-111.229456961155,109.308429062366,155.949750753106,3969.88272666931,3114.33911323547,5045.69885900216,0
0.1838029,0.05944169,0.4016113,0.02931976,0.05781555,0.01955301,0.1808749,0.2279394,0.04446411,0.001644135,0.08023453,0.05349462,143.95897090435,73.0053186416626,161.412396840547,1804.47840690613,-36.9766652584076,1804.85722281961,0
0.176683,0.1524895,0.5758057,0.1060257,0.01197815,0.009187043,0.005136371,0.2331896,0.9205627,0.06106567,0.117672,0.01785713,-20.802415907383,-184.134513139725,185.305853757476,127.826124429703,-66.3351565599442,144.013440631596,0
0.03237676,0.151027,0.07470703,0.01837921,0.002319336,0.03091383,0.1634363,0.04793954,0.01791382,0.104557,0.1097527,0.00870581,-31.0457516461611,-246.017158031464,247.968305920642,6126.70373916626,-5836.66944503784,8461.86793315472,0
0.1758929,0.1520095,0.4005127,0.04496002,0.05601501,0.008337021,0.1841663,0.05327392,0.03561401,0.1074104,0.005367279,0.03885157,139.858275651932,112.256169319153,179.337070396898,-150.706946849823,-3015.95973968506,3019.72279112338,0
0.1805929,0.05505085,0.3961182,0.02843475,0.02996826,0.03688705,0.1842664,0.05783391,0.5993958,0.1360588,0.006023407,0.03787158,-75.6548568606377,71.7835128307343,104.290603991557,10.0491316989064,-226.993277668953,227.215609399522,0
0.02838673,0.05903363,0.07086182,0.08917236,0.001853943,0.002283752,0.009996265,0.04944205,0.03848267,0.01299667,0.09581375,0.003123119,-26.1627901345491,1258.39793682098,1258.66987688708,2489.78996276855,337.72799372673,2512.59114390896,0
0.02545672,0.06020415,0.4038696,0.09443665,0.04247284,0.05962384,0.01699665,0.2981651,0.2875366,0.2266159,0.0522728,0.003143325,105.164729058743,-233.829528093338,256.390070880976,-181.79526925087,-788.128852844238,808.824213663001,0
0.4302482,0.4888326,1.540649,0.1254349,0.0743866,0.05909491,0.008193046,0.05455399,0.6065063,0.01526642,0.1792297,0.0702029,48.2826232910156,81.4168825745583,94.656856487111,-295.511722564697,-25.1710768789053,296.581795268014,0
0.2217785,0.4885535,0.5667114,0.0627594,0.01499939,0.0198741,0.3273911,0.315697,0.9785156,0.1032372,0.08462906,0.002866164,26.4674201607704,110.743135213852,113.862049546634,86.4871814846992,105.503834784031,136.422475110604,0
0.2286986,0.2773243,0.895752,0.01329803,0.05979156,0.008835912,0.3363912,0.1237867,0.6026917,0.02785873,0.04276657,0.02585624,66.7501389980316,-14.845666475594,68.3811002350878,-70.9592923521996,-46.2238602340221,84.68687280836,0
0.2296886,0.2771043,0.5679321,0.04711914,0.0167923,0.008015871,0.1802747,0.05774212,0.5921326,0.01333618,0.004817963,0.02931437,29.5674372464418,82.966148853302,88.0773251232719,8.13662819564342,-22.5222911685705,23.9469897456029,0
0.1800928,0.1486788,0.4035645,0.04506683,0.0295105,0.04803288,0.1845947,0.05701232,0.2721863,0.07362747,0.04687119,0.02962436,-73.1246247887611,111.671961843967,133.483473930587,172.202602028847,-270.503968000412,320.665141307055,0
0.2339886,0.07144392,0.7330933,0.03189087,0.07128143,0.02059424,0.3582246,0.0587039,0.2731018,0.07435989,0.02157974,0.004050285,97.2337871789932,-43.501790612936,106.521430499696,-79.0172070264816,-272.279024124146,283.512937948629,0
0.02458668,0.06096435,1.222351,0.09056854,0.08946991,0.05859375,0.01647657,0.300055,0.02902222,0.04426956,0.01018143,0.004333377,73.1949359178543,-74.093721807003,104.15074774207,350.814938545227,1525.36797523499,1565.1896309965,0
0.02718892,0.06519055,0.07403564,0.09007263,0.001243591,0.07667667,0.3333114,0.1359797,0.3380432,0.09009933,0.001308441,0.01897404,-16.7971961200237,1216.61174297333,1216.72769301027,-3.87063273228705,266.532003879547,266.560107461329,0
0.8507696,0.5003601,0.8935547,0.003715515,0.1042023,0.00282228,0.1582181,0.133857,0.9964905,0.1569443,0.07121277,0.007525086,116.615436971188,4.15812851861119,116.689546116001,71.4635699987411,-157.497018575668,172.951879715687,0
0.03162672,0.1521268,0.5764771,0.01927185,0.002410889,0.03015375,0.1800349,0.2332795,0.5923767,0.120594,0.005245209,0.05307461,4.18210681527853,33.4303863346577,33.6909594386812,8.85451585054398,-203.57657968998,203.769051254645,0
0.4302704,0.5004131,0.5625,0.06174469,0.03014374,0.01924735,0.5231861,0.2440696,0.8960266,0.06200409,0.007015228,0.1199672,53.5888671875,-109.768338501453,122.150950973822,-7.8292628750205,69.1989362239838,69.6404346030174,0
0.03233676,0.150407,0.2503052,0.04359436,0.04627228,0.03082383,0.3534845,0.06210399,0.9114685,0.0751915,0.02089691,0.004570276,184.863448143005,-174.164831638336,253.98402122758,-22.9266416281462,-82.494892179966,85.6214817211759,0
0.2324685,0.06891394,0.5690308,0.03330994,0.01602936,0.01940417,0.3326409,0.4804568,0.3091125,0.0009269714,0.002338409,0.01787379,28.1695798039436,58.5380233824253,64.9632619859265,7.56491255015135,-2.99881538376212,8.13761608810134,0
0.1770908,0.1458488,0.4035645,0.04586029,0.05662537,0.08729553,0.1664584,0.04984045,0.2806702,0.0479393,0.01538467,0.02959535,140.313073992729,113.638080656528,180.558500516007,54.8140704631805,170.802980661392,179.382943792208,0
0.187273,0.2649618,0.4020386,0.1089478,0.05773163,0.00811708,0.1802747,0.05774212,0.5921326,0.01333618,0.004817963,0.02931437,143.597230315208,-270.988315343857,306.683601790348,8.13662819564342,-22.5222911685705,23.9469897456029,0
0.2334986,0.06807387,0.08380127,0.1557007,0.07092285,0.02031422,0.1653068,0.05202222,0.6080627,0.01456833,0.05934525,0.03855442,846.321940422058,-1857.97524452209,2041.64953801986,97.5972414016724,-23.958595469594,100.494954232001,0
0.2401786,0.1418374,0.07800293,0.01831818,0.01677704,0.008455753,0.1849345,0.1221378,0.03329468,0.09169388,0.005405426,0.05153437,-215.08215367794,-234.839588403702,318.449313254655,-162.351056933403,-2754.01020050049,2758.79141113425,0
0.2356985,0.06485319,0.5748901,0.03459167,0.01668549,0.03736591,0.3473076,0.4164295,0.8927307,0.07855988,0.0234108,0.06390589,29.0237814188004,60.1709298789501,66.8050947933152,-26.2238066643476,87.9995226860046,91.8237661443579,0
0.2332186,0.07001376,0.08215332,0.0324173,0.01593781,0.02016425,0.006906301,0.2327197,0.599823,0.000003814697,0.01038742,0.0194471,-194.000735878944,-394.595086574554,439.706229055664,-17.3174757510424,0.00635970491202897,17.3174769188178,0
0.02541672,0.06082416,0.07885742,0.03246307,0.001480103,0.05953383,0.1664584,0.04984045,0.2806702,0.0479393,0.01538467,0.02959535,-18.7693499028683,-411.667943000793,412.095600304445,54.8140704631805,170.802980661392,179.382943792208,0
0.2408686,0.1391672,0.07891846,0.1061249,0.01746368,0.008205771,0.1597267,0.04328203,0.6671448,0.1084976,0.02681732,0.03761442,-221.287697553635,1344.74086761475,1362.82656494576,40.1971563696861,-162.629798054695,167.523916488124,0
0.176623,0.1540596,0.07458496,0.01752472,0.01274872,0.008677006,0.1818463,0.05725384,0.6011047,0.01473999,0.006038666,0.03862157,170.928806066513,-234.963178634644,290.558689523165,10.0459456443787,-24.5214998722076,26.4995279179175,0
0.02535672,0.06239426,0.5715332,0.09108734,0.002250671,0.0590238,0.1617064,0.1237152,0.6042786,0.1498604,0.02591324,0.06016468,3.93795408308506,-159.373670816422,159.422314723697,-42.8829342126846,-247.998833656311,251.679096354028,0
0.2259586,0.4848927,0.569519,0.06248474,0.01660919,0.03616595,0.1523063,0.3069952,0.6595459,0.04400253,0.02601624,0.03742462,29.1635412722826,109.714925289154,113.524785711072,39.4456796348095,66.7164102196693,77.5051032800501,0
0.2294286,0.2793742,0.5699463,0.07578278,0.01651764,0.008495867,0.5000839,0.318927,1.289551,0.07849503,0.1429901,0.03628364,28.9810448884964,-132.96477496624,136.086488472044,110.883660614491,-60.8700551092625,126.492489106169,0
0.0331068,0.1489768,0.4006348,0.04412079,0.04094696,0.03125381,0.1648868,0.04935217,0.2896423,0.04655075,0.01660538,0.03834441,102.205209434032,110.127210617065,150.246155870125,57.3306307196617,160.71805357933,170.637317035409,0
0.2294486,0.2784241,0.2445679,0.01420593,0.05970001,0.008075833,0.501334,0.3165669,0.6521912,0.1649208,0.05702591,0.03668365,244.104072451591,-58.0858513712883,250.919836435821,87.4374136328697,252.871870994568,267.562113243073,0
0.02541672,0.06082416,0.07885742,0.03246307,0.001480103,0.05953383,0.3497277,0.4170096,0.8910217,0.04275894,0.02343369,0.06465589,-18.7693499028683,-411.667943000793,412.095600304445,-26.2997914105654,-47.9886643588543,54.7228556929006,0
0.1803529,0.05373073,0.07287598,0.03287506,0.01293945,0.03682709,0.1877567,0.1168132,0.2785339,0.03217697,0.03764725,0.06069186,177.554443478584,-451.109707355499,484.794336259567,-135.162159800529,115.522623062134,177.804065985848,0
0.1728929,0.36185,0.07617188,0.002174377,0.01255798,0.01947284,0.007156223,0.05153203,0.2815857,0.04720306,0.05305862,0.004083112,164.863780140877,-28.5456739366055,167.316829705904,-188.427984714508,167.633026838303,252.202175070997,0
0.02740888,0.06354034,0.2488403,0.02912903,0.04547119,0.07628667,0.1581964,0.304848,0.3109436,0.2301903,0.01960373,0.007325575,182.732403278351,-117.059111595154,217.011443973189,63.045933842659,-740.295886993408,742.975632220499,0
0.3844172,0.1632493,0.07116699,0.0175705,0.02720642,0.03069258,0.1623482,0.1265295,0.02877808,0.09188461,0.1114159,0.05363531,382.289886474609,-246.89108133316,455.083248804685,3871.55365943909,-3192.86847114563,5018.30019149433,0
0.4376982,0.2803532,0.8955078,0.0124588,0.07486725,0.03075492,0.5028139,0.3179271,0.6523438,0.1648331,0.1418343,0.03603365,83.6031213402748,-13.9125548303127,84.7528234322797,217.42257475853,252.678245306015,333.344973961743,0
0.2439085,0.3496277,0.07958984,0.002967834,0.01696777,0.01969409,0.1782466,0.2329912,0.6048889,0.1205482,0.09131241,0.01701131,-213.19018304348,-37.2891090810299,216.42673541448,150.957316160202,199.289888143539,250.009141469978,0
0.176823,0.1533595,0.7228394,0.01817322,0.01379395,0.008646965,0.3282311,0.3103569,0.3416748,0.2254753,0.0008506775,0.003286168,19.0830025821924,-25.1414328813553,31.563469943586,-2.48972838744521,659.912049770355,659.916746400298,0
0.176643,0.1531096,0.2507935,0.04405212,0.05593109,0.00909704,0.1872549,0.117945,0.2702332,0.08768845,0.04643631,0.006614104,-223.016545176506,-175.651013851166,283.883176834076,171.837940812111,-324.491798877716,367.182795677361,0
0.2327085,0.06759405,0.892395,0.09461975,0.02687836,0.01946414,0.006396383,0.2251794,0.03469849,0.1222954,0.01054764,0.01848714,-30.1193483173847,106.028996407986,110.223968456723,303.979784250259,-3524.51634407043,3537.60076448042,0
0.02419891,0.06793118,0.2433472,0.03001404,0.04231262,0.01984662,0.1567082,0.3100669,0.6662903,0.04247665,0.02672958,0.02978508,-173.877596855164,-123.338349163532,213.180128207373,40.1170253753662,63.7509748339653,75.3230543542192,0
0.02370896,0.06456137,0.8925171,0.09378052,0.04194641,0.0201267,0.3410494,0.04884934,0.9474182,0.07922363,0.0038414,0.02626164,-46.9978787004948,105.074197053909,115.105983723133,4.05459804460406,-83.620548248291,83.7187903319683,0
0.176623,0.1540596,0.07458496,0.01752472,0.01274872,0.008677006,0.01097625,0.1230078,0.2929993,0.02999496,0.03300858,0.01771688,170.928806066513,-234.963178634644,290.558689523165,112.657532095909,102.372147142887,152.222784262362,0
0.4384282,0.2824031,0.5697021,0.07492828,0.03159332,0.03109497,0.158618,0.3031068,0.03012085,0.04344559,0.02654648,0.02999508,55.4558597505093,-131.521850824356,142.735243107413,881.332337856293,1442.37589836121,1690.32391035699,0
0.2364285,0.06690311,0.2490845,0.02789307,0.02658844,0.03702587,0.1835347,0.05298209,0.04641724,0.01241684,0.08067703,0.03048436,-106.744669377804,-111.982360482216,154.707703427288,1738.08348178864,267.504930496216,1758.54857126731,0
0.1699029,0.3645887,0.3937988,0.05788422,0.03099823,0.03735697,0.1587666,0.1294179,0.02105713,0.1520004,0.1097221,0.01353437,-78.715905547142,146.989300847054,166.739462484477,5210.68859100342,7218.47820281982,8902.67954927044,0
0.02914678,0.1469662,0.08044434,0.01709747,0.001670837,0.08768368,0.5005039,0.316257,0.9711304,0.01737595,0.1002502,0.03649364,-20.7701064646244,-212.537929415703,213.550389282872,103.230468928814,-17.8924966603518,104.769609868528,0
0.1836229,0.05841148,0.2462769,0.03034973,0.03036499,0.019853,0.3303196,0.4883227,0.3314514,0.001808167,0.08314133,0.0950824,123.296156525612,-123.234197497368,174.323290603432,250.840157270432,-5.45529881492257,250.899471471374,0
0.1778208,0.1478989,0.07763672,0.01662445,0.01335907,0.08763552,0.178125,0.2402396,1.228607,0.1215668,0.005420685,0.05328459,172.071546316147,-214.131295681,274.701344812241,4.41205687820911,-98.9468172192574,99.0451355883653,0
0.2401586,0.1408873,0.2473755,0.04325867,0.02640533,0.008875787,0.0111565,0.04985952,0.02511597,0.01614761,0.009304047,0.04168713,-106.741920113564,-174.87046122551,204.87439009977,370.443493127823,642.922222614288,742.009006638086,0
0.02168678,0.2686145,0.07714844,0.04782867,0.001289368,0.03138375,0.1780161,0.2374439,0.9076233,0.06253052,0.03777695,0.0606516,-16.7128164321184,-619.956493377686,620.181724911537,-41.6218340396881,68.8947886228561,80.4914217057654,0
0.03188669,0.1543968,0.5744629,0.1421585,0.002685547,0.03063375,0.180445,0.2362597,0.5918884,0.0005836487,0.004749298,0.05305459,4.67488309368491,247.463345527649,247.50749869787,8.02397541701794,0.986078870482743,8.08433875043103,0
0.02186675,0.2688648,0.8966064,0.01441193,0.04084778,0.03093368,0.5055842,0.1418798,0.9674988,0.1527557,0.09979248,0.01423344,-45.5582030117512,-16.0738602280617,48.3106493880096,103.144809603691,-157.887265086174,188.5927894289,0
0.2401386,0.1412174,0.2470093,0.0436554,0.06072998,0.008545756,0.3542077,0.06426239,0.5837097,0.1084099,0.01947403,0.06290564,245.861127972603,-176.7358481884,302.792427717131,33.3625227212906,185.725674033165,188.698394050935,0
0.03211667,0.1487567,0.0725708,0.104538,0.002044678,0.03043383,0.5313275,0.06491399,0.5835876,0.1349144,0.03630447,0.0293472,-28.1749367713928,1440.49620628357,1440.77171938494,62.2091181576252,-231.181040406227,239.404778200551,0
0.4491782,0.1388085,0.07824707,0.01917267,0.03185272,0.03113508,0.002586305,0.2334495,0.9197693,0.0602951,0.05243301,0.01913711,-407.078772783279,-245.027303695679,475.133146399107,-57.0067018270493,65.5545964837074,86.8744448807577,0
0.1753775,0.1608366,0.3963013,0.08039856,0.05609131,0.07037342,0.1608165,0.3063753,0.01712036,0.07653427,0.060009,0.04007466,141.537040472031,-202.872321009636,247.365948459803,-3505.12480735779,-4470.36552429199,5680.67494545616,0
0.03117894,0.14487,0.07788086,0.01746368,0.001708984,0.04804659,0.1729367,0.2348323,1.551147,0.0593605,0.06861115,0.05970444,-21.9435729086399,-224.235892295837,225.307025602193,-44.2325100302696,-38.2687710225582,58.4894330555092,0
0.2292685,0.2794544,0.4033203,0.01314545,0.02848053,0.008375823,0.1661865,0.2208593,0.02865601,0.0004997253,0.1105156,0.01372416,70.6151649355888,32.5930677354336,77.7740932656047,3856.62937164307,-17.4387637525797,3856.66879841933,0
0.1835829,0.05779147,0.07873535,0.03162384,0.01358795,0.019943,0.1653068,0.05202222,0.6080627,0.01456833,0.05934525,0.03855442,172.577515244484,-401.647299528122,437.153922533234,97.5972414016724,-23.958595469594,100.494954232001,0
0.5879788,0.3778089,1.044067,0.05995941,0.001342773,0.098912,0.1614581,0.3010168,0.2900085,0.01675797,0.01620865,0.02903509,-1.28609850071371,57.4286803603172,57.443079455066,55.8902435004711,57.7843822538853,80.3912566825839,0
0.2264785,0.2814932,0.562561,0.04624939,0.07099152,0.04842418,0.3273093,0.3118951,0.6517944,0.04447556,0.1259651,0.0703821,-126.193448901176,82.2122171521187,150.610873427654,193.258970975876,68.2355538010597,204.951508082258,0
0.02638685,0.06155443,0.0814209,0.03128815,0.08469391,0.05993378,0.1616983,0.1254795,0.2902527,0.09050369,0.01662827,0.05279534,1040.19868373871,-384.27659869194,1108.91018840751,57.2889298200607,-311.81001663208,317.029191009323,0
0
0.030159,0.008736968,0.0002568662,0.4083884,1.251434,0.01189804,0.07728958,0.02738236,-75.8092999458313,110.098958015442,133.67434501191,61.7607980966568,9.50752291828394,62.4883122958022,0
0.2301764,0.2692237,0.8971558,0.1108856,0.02645874,0.07027447,0.1852362,0.05165386,0.03494263,0.0138588,0.09066391,0.03948158,-29.4918026775122,123.596839606762,127.066695817389,-2594.65074539185,396.615713834763,2624.78885151227,0
0.1837829,0.05849159,0.7269897,0.03225708,0.01463318,0.01997304,0.1842664,0.05783391,0.5993958,0.1360588,0.006023407,0.03787158,20.1284531503916,-44.3707481026649,48.7228684851134,10.0491316989064,-226.993277668953,227.215609399522,0
0.2334586,0.06869388,0.2412109,0.09372711,0.02696991,0.02022421,0.3530378,0.2349296,0.2679138,0.06232071,0.0624733,0.08549592,-111.810475587845,388.569086790085,404.335897070815,233.184307813644,232.614755630493,329.369922651663,0
0.64197,0.4966314,1.542053,0.002204895,0.09017181,0.03679669,0.3543944,0.238894,0.5796204,0.002910614,0.06540298,0.02608031,58.4751628339291,1.42984359990805,58.4926415985354,-112.837627530098,5.0215870141983,112.949309527603,0
0.02914678,0.1469662,0.08044434,0.01709747,0.001670837,0.08768368,0.3349011,0.1280768,0.2849426,0.08800888,0.000202179,0.02627622,-20.7701064646244,-212.537929415703,213.550389282872,-0.709542655386031,-308.865278959274,308.866093958806,0
0.2296686,0.2780544,0.8933105,0.0144577,0.02639008,0.008435905,0.1593865,0.1276951,0.03244019,0.02771378,0.02658463,0.06039467,-29.5418836176395,-16.1844082176685,33.6846843095537,819.496691226959,854.30383682251,1183.81158658867,0
0.02614676,0.06287432,0.4047852,0.03002167,0.04178619,0.05987382,0.004173219,0.2329612,0.9286804,0.05890656,0.05121231,0.04880264,103.230550885201,74.1669163107872,127.111282391113,-55.1452450454235,63.4303838014603,84.0500543742856,0
0.02537672,0.06144416,0.2461548,0.0295105,0.04543304,0.05944383,0.1586466,0.1246078,0.2993469,0.0919838,0.1026611,0.01579443,184.571042656898,-119.885943830013,220.08886685943,342.950344085693,-307.281583547592,460.474657387365,0
0.63578,0.7099105,0.887207,0.01580048,0.002113342,0.007746637,0.1865863,0.05385399,0.03726196,0.0139122,0.00535202,0.03810158,2.38201697356999,17.8092326968908,17.9678260820384,-143.632262945175,373.362004756927,400.036765253975,0
0.187313,0.2655818,0.07702637,0.04697418,0.01377869,0.008207083,0.5033137,0.4917371,0.3210144,0.1217537,0.09780502,0.0145437,178.882732987404,-609.845459461212,635.539547618006,304.674863815308,379.277974367142,486.496201918287,0
0.2344564,0.06323302,0.4041138,0.09527588,0.02740479,0.09921467,0.160938,0.2991269,0.6065979,0.1655922,0.02587509,0.03022508,67.8145289421082,-235.764995217323,245.324159644876,-42.6560863852501,-272.985100746155,276.29767812107,0
0.2289385,0.2760044,1.219116,0.04802704,0.01688385,0.008775949,0.1639467,0.04857206,0.2878113,0.07468033,0.06821823,0.03694442,13.8492537662387,39.3949635326862,41.7584121061057,-237.024173140526,-259.476721286774,351.437942662263,0
0.1805529,0.05443084,0.7211304,0.03353882,0.01398468,0.03679705,0.1650168,0.05019212,0.2871399,0.0465889,0.1535225,0.03631444,19.3927213549614,-46.5086735785007,50.3898239685624,-534.660935401917,162.251561880112,558.737760651084,0
0.1798728,0.1490488,0.2450562,0.04533386,0.05657959,0.04767281,0.0149765,0.1294951,0.6771545,0.09508896,0.09692001,0.02636337,-230.884179472923,-184.993773698807,295.855033146658,143.128350377083,-140.424311161041,200.51112649107,0
0.4453682,0.07150197,0.899231,0.1506042,0.01074982,0.002054989,0.190515,0.122705,0.3683167,0.08676529,0.03906631,0.007784158,-11.9544556364417,-167.481169104576,167.907269092792,106.067195534706,235.572546720505,258.349907561396,0
0.187353,0.2662019,0.2479858,0.01499939,0.03017426,0.008297086,0.3510478,0.06540966,0.9170532,0.1655464,0.06393433,0.1074059,121.677331626415,-60.4848638176918,135.881535841958,69.717139005661,180.519968271255,193.514698190576,0
0.04282676,0.5693464,0.3955078,0.07241058,0.04625702,0.03038371,0.007676244,0.05342221,0.5982056,0.1351471,0.09514618,0.00289312,-116.956017911434,183.082565665245,217.250859552427,-159.052655100822,-225.920826196671,276.293262321048,0
0.6459399,0.2875228,1.863708,0.04816437,0.0474472,0.008586526,0.1749363,0.4150712,1.227997,0.01547241,0.005405426,0.03785135,25.4584904760122,25.8432943373919,36.2768603868399,4.40182397142053,12.5997168943286,13.3464946743556,0
0.02168678,0.2686145,0.07714844,0.04782867,0.001289368,0.03138375,0.1588583,0.1275694,0.02984619,0.1506996,0.02613449,0.05375539,-16.7128164321184,-619.956493377686,620.181724911537,875.639081001282,5049.20768737793,5124.57237927743,0
0.02462668,0.06034434,0.8973389,0.0286026,0.0455246,0.05868375,0.1660384,0.0471704,0.03775024,0.1090584,0.02735519,0.02980535,50.7328920066357,-31.8749137222767,59.9152439380792,724.636197090149,-2888.94510269165,2978.4394277036,0
0.02415891,0.06855118,0.5683594,0.09198761,0.00164032,0.01993662,0.3563177,0.05824947,0.2773132,0.07603073,0.02109146,0.1093459,2.886061090976,-161.847621202469,161.873351227182,-76.0564506053925,-274.169147014618,284.522942578298,0
0.02070894,0.2744017,0.5684204,0.04666138,0.08541107,0.04793674,0.1592067,0.04517221,0.3505859,0.07384872,0.06891251,0.03642437,-150.260388851166,82.0895507931709,171.221724109787,196.563810110092,210.643708705902,288.111269238767,0
0.187353,0.2662019,0.2479858,0.01499939,0.03017426,0.008297086,0.1620266,0.1246579,0.6174622,0.1529198,0.02421951,0.01470442,121.677331626415,-60.4848638176918,135.881535841958,-39.2242856323719,-247.658520936966,250.745463719796,0
0.2264464,0.4770122,0.8987427,0.1262512,0.02664185,0.04212439,0.01040611,0.05242229,0.03897095,0.108181,0.09630966,0.003143147,-29.6434629708529,140.475377440453,143.569030657527,2471.31943702698,-2775.93970298767,3716.61956547218,0
0.2324485,0.06858385,0.5686646,0.03291321,0.1031647,0.0197342,0.3394812,0.2201104,0.04275513,0.004291534,0.04376602,0.02550596,181.415691971779,57.8780733048916,190.424590489479,1023.64385128021,-100.374735891819,1028.55326642286,0
0.02744889,0.06292033,0.07617188,0.03284454,0.00151825,0.07619667,0.1753766,0.2404814,1.557526,0.06267929,0.03540802,0.01496135,-19.9318919330835,-431.189894676208,431.650327912434,-22.7335076779127,-40.242861956358,46.2201288377715,0
0.176683,0.1524895,0.5758057,0.1060257,0.01197815,0.009187043,0.332141,0.3066468,0.02224731,0.04401016,0.0416832,0.003616214,-20.802415907383,-184.134513139725,185.305853757476,1873.62825870514,1978.2235622406,2724.67453359522,0
0.2367485,0.1370765,0.7319946,0.0177002,0.01508331,0.04834414,0.1818463,0.05725384,0.6011047,0.01473999,0.006038666,0.03862157,-20.6057708710432,-24.1807717829943,31.76960052017,10.0459456443787,-24.5214998722076,26.4995279179175,0
0.4387082,0.2804632,0.5680542,0.0483551,0.05526733,0.03124493,0.1838464,0.06050396,0.9178162,0.1971817,0.04876328,0.03808159,-97.2923636436462,85.124097764492,129.274576168659,53.1296767294407,-214.837908744812,221.30994009131,0
0.187313,0.2655818,0.07702637,0.04697418,0.01377869,0.008207083,0.1826145,0.1181579,0.603363,0.03045654,0.006076813,0.05176437,178.882732987404,-609.845459461212,635.539547618006,10.0715691223741,-50.4779741168022,51.4729285695239,0
0.02987682,0.1449161,0.4063721,0.04537201,0.04159546,0.08802366,0.3542077,0.06426239,0.5837097,0.1084099,0.01947403,0.06290564,102.358065545559,111.65139824152,151.470156504558,33.3625227212906,185.725674033165,188.698394050935,0
0.2356785,0.0645231,0.5745239,0.03419495,0.1038208,0.03703588,0.004906267,0.2294695,0.2830505,0.1824455,0.0531044,0.01890711,180.707529187202,59.518750756979,190.256912611908,-187.614560127258,644.568741321564,671.318170065886,0
0.1729428,0.1541282,0.3930054,0.1669922,0.03149414,0.06525707,0.5087442,0.1325595,0.3060608,0.09163284,0.01364517,0.01442344,-80.13666421175,424.910694360733,432.401414351418,-44.5832088589668,-299.394249916077,302.695522588248,0
0.2329786,0.07133389,0.4053955,0.02892303,0.05884552,0.02010429,0.1620467,0.04726219,0.03048706,0.0136528,0.02614975,0.03738442,-145.15583217144,71.3452249765396,161.741635766232,857.732713222504,447.82280921936,967.600473227022,0
0.1712074,0.370647,0.5737305,0.1256943,0.09777069,0.0985533,0.004076421,0.2291594,0.6019592,0.0001449585,0.009876251,0.01871714,-170.412227511406,219.082444906235,277.556201428634,-16.4068434387445,0.24081114679575,16.408610594194,0
0.6425,0.4993812,0.5678711,0.05960846,0.04586029,0.0364266,0.008666158,0.1246779,0.6118164,0.1522179,0.008575439,0.01817688,80.758273601532,-104.968294501305,132.439577187533,-14.0163609758019,-248.79664182663,249.191146229581,0
0.2289785,0.2753844,0.894104,0.1100006,0.02706909,0.008685946,0.1658568,0.05553222,0.9239807,0.07564926,0.06804276,0.03673445,-30.2751045674086,123.028874397278,126.699194520047,-73.6408829689026,-81.8732008337975,110.119029505399,0
0.2254885,0.2804331,0.5646362,0.04701233,0.1023254,0.04835421,0.1526466,0.1360178,1.294281,0.09220505,0.02625275,0.01464437,181.223645806313,83.2612663507462,199.43532353538,20.2836524695158,-71.2403655052185,74.0716965839262,0
0.03111894,0.1432999,0.5725098,0.1060867,0.002479553,0.04855663,0.3304713,0.1380696,0.6581421,0.1502953,0.04145432,0.01993409,4.3310234323144,-185.301169753075,185.351777104588,62.9868805408478,228.362932801247,236.890219717602,0
0.1764429,0.1538094,0.8991699,0.04471588,0.05488586,0.00912708,0.1779546,0.06172228,1.228821,0.1354866,0.005485535,0.02954437,-61.0405914485455,-49.7301779687405,78.7340104731801,4.46406379342079,-110.257409512997,110.347742242732,0
0.2364285,0.06690311,0.2490845,0.02789307,0.02658844,0.03702587,0.1597067,0.1286378,0.01919556,0.03077316,0.0248909,0.01493442,-106.744669377804,-111.982360482216,154.707703427288,1296.70107364655,1603.13987731934,2061.91443582113,0
0.02068894,0.2740716,0.5680542,0.04626465,0.001724243,0.04760671,0.01139626,0.1256778,0.02542114,0.09111404,0.009731293,0.01792689,3.03534977138042,81.444077193737,81.5006199864395,382.803112268448,-3584.18369293213,3604.56806947004,0
0.02537672,0.06144416,0.2461548,0.0295105,0.04543304,0.05944383,0.3367213,0.04154038,0.3499451,0.04829025,0.08524704,0.002845958,184.571042656898,-119.885943830013,220.08886685943,243.601202964783,-137.993812561035,279.971138496487,0
0.2289785,0.2753844,0.894104,0.1100006,0.02706909,0.008685946,0.1571282,0.3073969,0.3478699,0.1035957,0.01601028,0.02957508,-30.2751045674086,123.028874397278,126.699194520047,-46.0237748920918,297.800242900848,301.335647620925,0
0.6425,0.4993812,0.5678711,0.05960846,0.04586029,0.0364266,0.01222312,0.05565405,0.6074524,0.1367188,0.07569504,0.07213289,80.758273601532,-104.968294501305,132.439577187533,124.610647559166,-225.06907582283,257.262322108889,0
0.3926426,0.05633271,0.5718994,0.09278107,0.02788544,0.02015597,0.359395,0.1119633,0.5888977,0.02827072,0.06457901,0.02664056,-48.7593375146389,-162.23318874836,169.402126687735,-109.66082662344,-48.0061657726765,119.70834911538,0
0.3844172,0.1632493,0.07116699,0.0175705,0.02720642,0.03069258,0.3391414,0.04096031,0.3482971,0.1696129,0.08523178,0.003595948,382.289886474609,-246.89108133316,455.083248804685,244.709983468056,-486.977577209473,545.004712561042,0
0.187313,0.2655818,0.07702637,0.04697418,0.01377869,0.008207083,0.3549645,0.06346393,0.9115906,0.07527924,0.06391525,0.005220279,178.882732987404,-609.845459461212,635.539547618006,70.1139867305756,-82.5800970196724,108.330252279933,0
0.3888525,0.1530278,0.08007813,0.01540375,0.02846527,0.008503914,0.5083242,0.1352296,0.01235962,0.03051376,0.05638504,0.01421344,355.46875,-192.359000444412,404.178199905111,4562.03699111938,2468.82724761963,5187.2236781279,0
0.02535672,0.06239426,0.5715332,0.09108734,0.002250671,0.0590238,0.1869345,0.1188877,0.2834167,0.09074783,0.04813004,0.05207436,3.93795408308506,-159.373670816422,159.422314723697,169.820711016655,-320.192217826843,362.439140059507,0
0.4384882,0.280833,0.08068848,0.04862213,0.03082275,0.03160501,0.1825946,0.0537622,0.04458618,0.1088142,0.004146576,0.02908437,-381.996959447861,-602.590799331665,713.468533620499,-93.0013656616211,-2440.53721427917,2442.30856942698,0
0.1840529,0.05475175,0.5708008,0.1557999,0.1003571,0.01933289,0.1666964,0.05269957,0.620636,0.1036415,0.02425003,0.007535815,-175.818011164665,272.949635982513,324.674416659035,-39.0728712081909,166.992425918579,171.502651812221,0
0.177353,0.1561096,0.2512207,0.0799942,0.03052521,0.00901705,0.1592866,0.1313078,0.337616,0.03034592,0.06763077,0.01472442,121.507532894611,318.422019481659,340.817638981484,200.31863451004,-89.8829400539398,219.559782849016,0
0.03259673,0.1513968,0.5740356,0.01811218,0.08377075,0.03055376,0.01697654,0.126245,0.3604126,0.08734512,0.05420303,0.02582332,-145.933017134666,31.552366912365,149.305047964894,150.3916233778,242.347583174706,285.219198955524,0
0.2403463,0.1471578,0.5780029,0.1031723,0.1043396,0.06959462,0.1547063,0.479495,0.009918213,0.0619545,0.0240593,0.01549467,180.517420172691,-178.49788069725,253.866170253568,2425.76932907104,6246.5386390686,6701.01498336176,0
0.2364285,0.06690311,0.2490845,0.02789307,0.02658844,0.03702587,0.5250861,0.2427597,0.5777893,0.1230354,0.03505325,0.1195272,-106.744669377804,-111.982360482216,154.707703427288,60.6678798794746,212.941691279411,221.415346202576,0
0.2391685,0.1419472,0.2495728,0.04249573,0.1469116,0.008945763,0.6901119,0.6009209,1.535187,0.09012604,0.01043701,0.01773542,588.652491569519,-170.273900032043,612.784592547108,6.79852906614542,58.7068870663643,59.0992266149573,0
0.02166678,0.2695646,0.24823,0.01374817,0.04189301,0.03096372,0.01105621,0.05347228,0.2800598,0.07420731,0.03173447,0.003983125,-168.766900897026,-55.3848035633564,177.622474096434,113.313175737858,-264.969497919083,288.181731938875,0
0.2473885,0.3489964,1.046387,0.1809006,0.06017303,0.03685582,0.1641183,0.1260595,0.2919617,0.03081894,0.01664352,0.05204535,-57.5055405497551,172.881186008453,182.194378809032,57.0058524608612,105.558171868324,119.967474187682,0
0.176643,0.1531096,0.2507935,0.04405212,0.05593109,0.00909704,0.498594,0.3232172,1.6073,0.01834488,0.1004333,0.03670365,-223.016545176506,-175.651013851166,283.883176834076,62.485758215189,-11.4134764298797,63.5195829956595,0
0.1756575,0.1588964,0.3945313,0.04290009,0.03076935,0.07022345,0.1597067,0.1286378,0.01919556,0.03077316,0.0248909,0.01493442,-77.9896378517151,108.736850321293,133.813624979062,1296.70107364655,1603.13987731934,2061.91443582113,0
0.1870929,0.2652121,0.5717163,0.04670715,0.09986877,0.008567154,0.175705,0.2396595,1.230255,0.0002441406,0.005443573,0.0525346,-174.682393670082,81.6963836550713,192.842520624021,4.42475127056241,-0.198447145521641,4.42919914611088,0
0.0199389,0.2729717,1.219238,0.04717255,0.001815796,0.04836679,0.3309096,0.136158,0.6479797,0.09081268,0.04069519,0.0487719,1.48928712587804,38.6901795864105,38.718832272836,62.8031864762306,-140.147417783737,153.575841013545,0
0.2286986,0.2773243,0.895752,0.01329803,0.05979156,0.008835912,0.3338612,0.1324697,0.02212524,0.1511765,0.1260796,0.02079409,66.7501389980316,-14.845666475594,68.3811002350878,5698.44818115234,6832.75842666626,8897.12871607786,0
0.2294686,0.2787542,0.2449341,0.0138092,0.0274353,0.008405864,0.01621628,0.04740214,0.6767273,0.01225662,0.01169586,0.003253073,-112.010963261127,-56.3792660832405,125.399671190839,17.2829758375883,18.1116126477718,25.0346113711715,0
0.2287586,0.2757542,0.2453613,0.1102524,0.059021,0.008325875,0.009996265,0.04944205,0.03848267,0.01299667,0.09581375,0.003123119,240.547269582748,449.347019195557,509.681991602261,2489.78996276855,337.72799372673,2512.59114390896,0
0.2262185,0.282483,0.2388306,0.01547241,0.05905151,0.04869425,0.1601366,0.04030204,0.6666565,0.01268387,0.02633286,0.03759442,247.252747416496,-64.784049987793,255.599088883013,39.4998863339424,19.026093184948,43.8432804689236,0
0.03158672,0.1515068,0.9014893,0.04270172,0.04636383,0.03006375,0.330871,0.3073196,0.308197,0.3506889,0.003223419,0.04240409,51.4302626252174,-47.3679751157761,69.9199326391811,10.4589564725757,-1137.87257671356,1137.92064336985,0
0.4349382,0.4888717,0.8946533,0.001747131,0.01150513,0.003004849,0.3530279,0.2405796,0.5858459,0.1223793,0.1047287,0.08526589,-12.8598716109991,1.95285852532834,13.0073038817169,178.764909505844,208.893314003944,274.94237488278,0
0.2334386,0.06964397,0.5665894,0.03215027,0.07015228,0.01980418,0.01897636,0.1311679,0.9838867,0.0317421,0.05317688,0.01940693,-123.815037310123,56.7435100674629,136.198345800834,54.047767072916,-32.2619415819645,62.94437226795,0
0.1815507,0.05989146,0.07592773,0.03199005,0.0135498,0.1157856,0.0212265,0.3091052,0.985321,0.1034966,0.05312729,0.003583327,178.456589579582,-421.322345733643,457.557945378369,53.9187602698803,105.038404464722,118.069043874909,0
0.3871004,0.1489877,0.07574463,0.1075287,0.05843353,0.1273763,0.3267594,0.3154054,0.9676819,0.01660156,0.001426697,0.07220216,-771.454453468323,1419.62122917175,1615.69378537247,-1.47434487007558,-17.1560123562813,17.2192465794759,0
0.2331986,0.07096386,0.2432251,0.02915955,0.02724457,0.01974422,0.01149634,0.1211178,0.6095886,0.1523552,0.009075165,0.01890688,-112.013801932335,-119.887076318264,164.073163227499,-14.8873589932919,-249.931156635284,250.374153048685,0
0.03117894,0.14487,0.07788086,0.01746368,0.001708984,0.04804659,0.1800349,0.2332795,0.5923767,0.120594,0.005245209,0.05307461,-21.9435729086399,-224.235892295837,225.307025602193,8.85451585054398,-203.57657968998,203.769051254645,0
0.02466669,0.05972433,0.5723267,0.03337097,0.001571655,0.05877376,0.1608583,0.1308196,0.3465881,0.03173447,0.06885147,0.05321534,2.74608074687421,58.3075620234013,58.3721915691122,198.655009269714,-91.5624722838402,218.740711891224,0
0.1838229,0.0591116,0.4019775,0.02971649,0.02931976,0.01988304,0.1538681,0.3121569,0.9863892,0.1026726,0.06949234,0.03074513,-72.9388073086739,73.9257484674454,103.851268158284,70.4512372612953,104.089319705963,125.689949114866,0
0.02744889,0.06292033,0.07617188,0.03284454,0.00151825,0.07619667,0.3553845,0.06079388,0.5931702,0.01416016,0.02117538,0.005010277,-19.9318919330835,-431.189894676208,431.650327912434,35.6986671686172,-23.871997371316,42.9449309710917,0
0.4344282,0.4864516,1.86908,0.06396484,0.05432892,0.002304912,0.1599464,0.04689956,0.01895142,0.1380272,0.02447128,0.008825883,-29.0672052651644,34.2226438224316,44.9009105934859,1291.26405715942,7283.21266174316,7396.79319309982,0
0.2446786,0.3481976,0.7305298,0.002441406,0.07025146,0.02012408,0.1652065,0.04840946,0.3028259,0.04349136,0.01830673,0.007115841,96.1650907993317,-3.34196677431464,96.2231439434626,60.4529865086079,143.618360161781,155.822966706994,0
0.4424382,0.07267284,0.5663452,0.03300476,0.0550766,0.05939502,0.1597267,0.04328203,0.6671448,0.1084976,0.02681732,0.03761442,-97.2491651773453,58.276753872633,113.373630839018,40.1971563696861,-162.629798054695,167.523916488124,0
0.03066887,0.1472898,0.8966675,0.07969666,0.04110718,0.04874671,0.3386315,0.04850054,0.2862244,0.04732132,0.08507156,0.002635986,-45.8443947136402,88.8809487223625,100.007657569045,-297.219842672348,165.329456329346,340.108018147665,0
0.2332585,0.06939375,0.4071655,0.09439087,0.02801514,0.02025425,0.006736219,0.05420208,0.6000061,0.01391602,0.01031876,0.004293114,68.8052773475647,-231.824308633804,241.819511752912,-17.1977523714304,-23.193122819066,28.8735801855143,0
0.02517676,0.06214428,0.4020996,0.028862,0.04438782,0.05947387,0.3371212,0.1277096,0.6164246,0.1520958,0.04057693,0.01962404,-110.390104353428,71.778230369091,131.674179299052,-65.8262819051743,-246.738702058792,255.368530722007,0
0.2284585,0.2786444,0.5725098,0.07462311,0.1026993,0.008895874,0.1593865,0.1276951,0.03244019,0.02771378,0.02658463,0.06039467,179.38432097435,-130.343809723854,221.739133543804,819.496691226959,854.30383682251,1183.81158658867,0
0.03582673,0.3568772,0.07452393,0.120285,0.08937073,0.05891371,0.01053619,0.0515821,0.03652954,0.1081429,0.07382202,0.005173117,-1199.22196865082,1614.04585838318,2010.79023348002,-2020.8854675293,-2960.4218006134,3584.42119601174,0
0.5936568,0.164958,0.394165,0.04460907,0.0006256104,0.008956313,0.171385,0.2403896,1.550262,0.06004333,0.03660583,0.05222461,-1.58717867452651,113.173581659794,113.184710636423,-23.6126687377691,38.731075823307,45.3613751924518,0
0.1833428,0.05647159,0.2446289,0.09293365,0.05649567,0.02000296,0.1720146,0.4133594,1.221375,0.01692581,0.08950424,0.02870463,-230.944365262985,379.896461963654,444.58589907826,73.2815712690353,13.8580035418272,74.5803791209458,0
0.4386682,0.2810832,0.8930664,0.01361847,0.01131439,0.03115493,0.3526242,0.2393639,0.9003601,0.05815887,0.0626564,0.02767028,-12.6691497862339,-15.2491116896272,19.8253061421193,69.5903822779655,-64.5951256155968,94.9492051514288,0
0.2401186,0.1402673,0.5723877,0.1052322,0.01754761,0.00896579,0.1842549,0.2279894,0.3625793,0.06258392,0.04664612,0.05240461,30.6568555533886,-183.847829699516,186.38633876345,-128.650784492493,-172.607526183128,215.277454568734,0
0.2331986,0.07096386,0.2432251,0.02915955,0.02724457,0.01974422,0.007156223,0.05153203,0.2815857,0.04720306,0.05305862,0.004083112,-112.013801932335,-119.887076318264,164.073163227499,-188.427984714508,167.633026838303,252.202175070997,0
